,degree_mean,cancer_density,n_tsg_edges,n_oncogene_edges,n_tsg_oncogene_edges
0,184.95473833097594,0.028300563767424902,1603,1986,3175
1,184.95473833097594,0.02440187361512355,1341,1619,2761
2,184.95473833097594,0.023163748993272455,1208,1549,2627
3,184.95473833097594,0.022927343321139073,1163,1480,2553
4,184.95473833097594,0.022931350196937945,1169,1488,2609
5,184.95473833097594,0.022863233308357142,1140,1508,2554
6,184.95473833097594,0.02263884826362037,1125,1433,2504
7,184.95473833097594,0.022923336445340205,1164,1511,2564
8,184.95473833097594,0.022538676368648602,1153,1458,2538
9,184.95473833097594,0.022658882642614727,1165,1532,2492
10,184.95473833097594,0.022871247059954882,1167,1498,2548
11,184.95473833097594,0.022482580107464407,1163,1480,2471
12,184.95473833097594,0.022983439582323267,1156,1498,2540
13,184.95473833097594,0.022586758878235053,1114,1417,2473
14,184.95473833097594,0.022622820760424888,1149,1450,2501
15,184.95473833097594,0.022366380709297154,1086,1449,2450
16,184.95473833097594,0.0224425113494757,1099,1417,2474
17,184.95473833097594,0.022366380709297154,1138,1412,2493
18,184.95473833097594,0.022702958276402306,1184,1472,2450
19,184.95473833097594,0.022494600734861023,1152,1450,2488
20,184.95473833097594,0.022550696996045214,1140,1416,2507
21,184.95473833097594,0.023039535843507458,1146,1479,2610
22,184.95473833097594,0.022827171426167303,1160,1408,2574
23,184.95473833097594,0.023083611477295037,1145,1466,2624
24,184.95473833097594,0.022879260811552626,1168,1478,2581
25,184.95473833097594,0.023015494588714235,1134,1473,2554
26,184.95473833097594,0.022779088916580852,1086,1475,2545
27,184.95473833097594,0.022033810017990874,1106,1394,2478
28,184.95473833097594,0.02235035320610167,1108,1418,2506
29,184.95473833097594,0.022402442591486993,1114,1397,2525
30,184.95473833097594,0.022326311951308447,1140,1400,2475
31,184.95473833097594,0.022186071298347966,1162,1366,2478
32,184.95473833097594,0.023027515216110846,1158,1461,2548
33,184.95473833097594,0.022698951400603434,1142,1411,2515
34,184.95473833097594,0.0228552195567594,1159,1440,2483
35,184.95473833097594,0.022739020158592145,1149,1434,2569
36,184.95473833097594,0.02276706828918424,1181,1458,2587
37,184.95473833097594,0.022879260811552626,1156,1415,2599
38,184.95473833097594,0.022883267687351494,1163,1413,2563
39,184.95473833097594,0.022318298199710703,1099,1407,2449
40,184.95473833097594,0.023055563346702942,1172,1449,2510
41,184.95473833097594,0.022827171426167303,1124,1466,2510
42,184.95473833097594,0.022318298199710703,1150,1459,2442
43,184.95473833097594,0.02239442883988925,1167,1435,2555
44,184.95473833097594,0.022795116419776336,1168,1473,2598
45,184.95473833097594,0.022967412079127784,1164,1512,2537
46,184.95473833097594,0.022971418954926656,1157,1458,2543
47,184.95473833097594,0.02299946708551875,1143,1477,2561
48,184.95473833097594,0.022735013282793273,1187,1394,2541
49,184.95473833097594,0.02289528831474811,1172,1461,2526
50,184.95473833097594,0.022931350196937945,1161,1460,2514
51,184.95473833097594,0.02258275200243618,1158,1421,2496
52,184.95473833097594,0.022642855139419243,1156,1459,2473
53,184.95473833097594,0.02285922643255827,1183,1480,2544
54,184.95473833097594,0.022586758878235053,1158,1490,2528
55,184.95473833097594,0.022542683244447474,1147,1430,2511
56,184.95473833097594,0.022759054537586497,1172,1423,2539
57,184.95473833097594,0.02267491014581021,1113,1466,2481
58,184.95473833097594,0.0228552195567594,1186,1501,2542
59,184.95473833097594,0.02293936394853569,1179,1453,2565
60,184.95473833097594,0.023031522091909718,1154,1465,2545
61,184.95473833097594,0.022887274563150366,1146,1441,2527
62,184.95473833097594,0.022622820760424888,1153,1430,2516
63,184.95473833097594,0.023123680235283748,1176,1492,2604
64,184.95473833097594,0.02314772149007697,1172,1480,2566
65,184.95473833097594,0.02307960460149617,1145,1454,2606
66,184.95473833097594,0.0229513845759323,1194,1454,2596
67,184.95473833097594,0.023023508340311975,1150,1486,2640
68,184.95473833097594,0.0228552195567594,1120,1473,2536
69,184.95473833097594,0.022694944524804566,1104,1455,2521
70,184.95473833097594,0.02272299265539666,1112,1468,2541
71,184.95473833097594,0.022554703871844085,1162,1416,2452
72,184.95473833097594,0.022462545728470056,1156,1402,2475
73,184.95473833097594,0.022286243193319736,1183,1376,2465
74,184.95473833097594,0.02243850447367683,1123,1371,2515
75,184.95473833097594,0.022706965152201178,1169,1404,2543
76,184.95473833097594,0.022554703871844085,1137,1412,2517
77,184.95473833097594,0.022783095792379724,1169,1435,2517
78,184.95473833097594,0.02332001714942842,1173,1496,2546
79,184.95473833097594,0.022931350196937945,1199,1440,2433
80,184.95473833097594,0.02253466949284973,1162,1450,2465
81,184.95473833097594,0.022783095792379724,1126,1477,2554
82,184.95473833097594,0.022791109543977464,1134,1467,2517
83,184.95473833097594,0.023348065280020515,1200,1542,2525
84,184.95473833097594,0.02290330206634585,1123,1483,2572
85,184.95473833097594,0.022542683244447474,1104,1439,2528
86,184.95473833097594,0.0224425113494757,1128,1431,2463
87,184.95473833097594,0.02233833257870506,1133,1413,2458
88,184.95473833097594,0.02285922643255827,1160,1433,2545
89,184.95473833097594,0.022634841387821503,1160,1453,2533
90,184.95473833097594,0.022602786381430536,1125,1462,2466
91,184.95473833097594,0.02263083451202263,1160,1460,2442
92,184.95473833097594,0.02272299265539666,1183,1475,2507
93,184.95473833097594,0.022875253935753754,1182,1446,2544
94,184.95473833097594,0.023067583974099554,1164,1506,2566
95,184.95473833097594,0.022955391451731172,1174,1424,2482
96,184.95473833097594,0.022706965152201178,1145,1443,2484
97,184.95473833097594,0.022851212680960527,1186,1418,2558
98,184.95473833097594,0.023127687111082616,1229,1489,2523
99,184.95473833097594,0.023011487712915363,1180,1479,2537
100,184.95473833097594,0.022466552604268924,1158,1460,2490
101,184.95473833097594,0.02235035320610167,1155,1449,2550
102,184.95473833097594,0.02267090327001134,1160,1435,2542
103,184.95473833097594,0.0229513845759323,1156,1424,2561
104,184.95473833097594,0.02281515079877069,1192,1425,2489
105,184.95473833097594,0.022666896394212467,1118,1474,2504
106,184.95473833097594,0.022899295190546978,1141,1497,2525
107,184.95473833097594,0.022450525101073444,1140,1415,2447
108,184.95473833097594,0.022706965152201178,1148,1433,2493
109,184.95473833097594,0.02230227069651522,1115,1435,2481
110,184.95473833097594,0.022642855139419243,1099,1457,2526
111,184.95473833097594,0.022562717623441825,1128,1446,2531
112,184.95473833097594,0.02276706828918424,1148,1425,2531
113,184.95473833097594,0.022690937649005694,1173,1427,2551
114,184.95473833097594,0.022458538852671184,1116,1395,2545
115,184.95473833097594,0.02248658698326328,1123,1398,2479
116,184.95473833097594,0.022482580107464407,1121,1408,2503
117,184.95473833097594,0.023003473961317623,1181,1444,2580
118,184.95473833097594,0.023055563346702942,1157,1527,2569
119,184.95473833097594,0.023215838378657778,1170,1501,2513
120,184.95473833097594,0.022322305075509575,1133,1452,2418
121,184.95473833097594,0.022598779505631664,1131,1465,2454
122,184.95473833097594,0.022610800133028276,1119,1427,2472
123,184.95473833097594,0.022366380709297154,1100,1393,2448
124,184.95473833097594,0.023111659607887133,1119,1509,2583
125,184.95473833097594,0.022875253935753754,1122,1429,2571
126,184.95473833097594,0.023011487712915363,1194,1479,2579
127,184.95473833097594,0.023223852130255518,1182,1486,2618
128,184.95473833097594,0.02271097202800005,1103,1482,2543
129,184.95473833097594,0.022919329569541333,1144,1500,2581
130,184.95473833097594,0.022506621362257635,1128,1490,2507
131,184.95473833097594,0.022983439582323267,1167,1439,2575
132,184.95473833097594,0.02262682763622376,1171,1437,2513
133,184.95473833097594,0.022378401336693766,1180,1425,2496
134,184.95473833097594,0.022887274563150366,1219,1481,2531
135,184.95473833097594,0.022791109543977464,1199,1490,2572
136,184.95473833097594,0.022318298199710703,1238,1338,2498
137,184.95473833097594,0.022554703871844085,1207,1380,2516
138,184.95473833097594,0.022466552604268924,1169,1364,2468
139,184.95473833097594,0.022751040785988757,1182,1407,2527
140,184.95473833097594,0.022706965152201178,1128,1426,2543
141,184.95473833097594,0.02277508204078198,1140,1464,2575
142,184.95473833097594,0.022446518225274572,1122,1421,2543
143,184.95473833097594,0.022863233308357142,1203,1440,2546
144,184.95473833097594,0.02230227069651522,1133,1424,2424
145,184.95473833097594,0.022009768763197646,1111,1382,2451
146,184.95473833097594,0.02211795440976716,1106,1427,2436
147,184.95473833097594,0.02267491014581021,1120,1426,2525
148,184.95473833097594,0.022795116419776336,1180,1447,2528
149,184.95473833097594,0.022955391451731172,1192,1471,2588
150,184.95473833097594,0.022610800133028276,1172,1411,2544
151,184.95473833097594,0.022686930773206822,1190,1449,2477
152,184.95473833097594,0.02299546020971988,1194,1483,2565
153,184.95473833097594,0.022967412079127784,1180,1489,2570
154,184.95473833097594,0.022983439582323267,1134,1453,2550
155,184.95473833097594,0.022791109543977464,1155,1434,2540
156,184.95473833097594,0.022602786381430536,1219,1395,2534
157,184.95473833097594,0.022186071298347966,1163,1391,2444
158,184.95473833097594,0.022963405203328912,1176,1427,2598
159,184.95473833097594,0.02298744645812214,1138,1451,2558
160,184.95473833097594,0.022967412079127784,1158,1470,2503
161,184.95473833097594,0.022702958276402306,1169,1424,2516
162,184.95473833097594,0.02295939832753004,1180,1463,2527
163,184.95473833097594,0.022835185177765043,1159,1478,2571
164,184.95473833097594,0.02294737770013343,1119,1456,2590
165,184.95473833097594,0.022875253935753754,1140,1482,2520
166,184.95473833097594,0.02313970773847923,1126,1500,2566
167,184.95473833097594,0.023031522091909718,1177,1458,2609
168,184.95473833097594,0.02304354271930633,1253,1431,2531
169,184.95473833097594,0.022474566355866667,1164,1411,2505
170,184.95473833097594,0.022642855139419243,1153,1416,2535
171,184.95473833097594,0.02253466949284973,1183,1434,2413
172,184.95473833097594,0.02323587275765213,1195,1502,2519
173,184.95473833097594,0.023095632104691653,1193,1475,2553
174,184.95473833097594,0.022935357072736817,1163,1516,2551
175,184.95473833097594,0.023063577098300685,1202,1455,2578
176,184.95473833097594,0.023095632104691653,1100,1479,2606
177,184.95473833097594,0.022899295190546978,1158,1456,2505
178,184.95473833097594,0.022598779505631664,1134,1456,2446
179,184.95473833097594,0.02282316455036843,1211,1380,2511
180,184.95473833097594,0.022454531976872312,1125,1433,2468
181,184.95473833097594,0.022783095792379724,1154,1446,2504
182,184.95473833097594,0.022694944524804566,1085,1496,2500
183,184.95473833097594,0.02281515079877069,1129,1470,2538
184,184.95473833097594,0.022931350196937945,1193,1420,2559
185,184.95473833097594,0.02276306141338537,1181,1407,2590
186,184.95473833097594,0.02243449759787796,1133,1383,2508
187,184.95473833097594,0.022642855139419243,1127,1432,2493
188,184.95473833097594,0.02286724018415601,1128,1478,2580
189,184.95473833097594,0.023067583974099554,1124,1529,2587
190,184.95473833097594,0.022831178301966175,1131,1493,2511
191,184.95473833097594,0.022799123295575208,1143,1453,2545
192,184.95473833097594,0.022706965152201178,1135,1418,2583
193,184.95473833097594,0.022779088916580852,1153,1430,2536
194,184.95473833097594,0.022706965152201178,1131,1439,2507
195,184.95473833097594,0.022566724499240697,1132,1427,2496
196,184.95473833097594,0.023011487712915363,1105,1510,2590
197,184.95473833097594,0.02281515079877069,1141,1424,2555
198,184.95473833097594,0.022955391451731172,1118,1466,2507
199,184.95473833097594,0.02275504766178763,1138,1462,2508
200,184.95473833097594,0.022863233308357142,1134,1451,2520
201,184.95473833097594,0.022318298199710703,1155,1401,2447
202,184.95473833097594,0.022827171426167303,1156,1491,2563
203,184.95473833097594,0.022450525101073444,1153,1420,2499
204,184.95473833097594,0.02308761835309391,1179,1463,2528
205,184.95473833097594,0.022686930773206822,1166,1477,2548
206,184.95473833097594,0.022658882642614727,1120,1438,2471
207,184.95473833097594,0.023067583974099554,1158,1451,2463
208,184.95473833097594,0.022887274563150366,1147,1429,2493
209,184.95473833097594,0.022927343321139073,1111,1429,2544
210,184.95473833097594,0.02300748083711649,1147,1425,2565
211,184.95473833097594,0.022943370824334557,1158,1435,2554
212,184.95473833097594,0.022779088916580852,1160,1422,2545
213,184.95473833097594,0.022646862015218115,1129,1451,2549
214,184.95473833097594,0.023103645856289393,1149,1438,2502
215,184.95473833097594,0.02299946708551875,1136,1427,2552
216,184.95473833097594,0.022875253935753754,1202,1465,2575
217,184.95473833097594,0.022819157674569563,1179,1453,2574
218,184.95473833097594,0.02304354271930633,1216,1468,2577
219,184.95473833097594,0.022646862015218115,1188,1406,2510
220,184.95473833097594,0.022678917021609082,1230,1432,2464
221,184.95473833097594,0.022799123295575208,1186,1441,2467
222,184.95473833097594,0.02243049072207909,1092,1426,2449
223,184.95473833097594,0.022242167559532157,1106,1421,2468
224,184.95473833097594,0.022390421964090378,1138,1398,2492
225,184.95473833097594,0.022334325702906187,1156,1416,2495
226,184.95473833097594,0.022927343321139073,1176,1473,2534
227,184.95473833097594,0.02216603691935361,1117,1407,2453
228,184.95473833097594,0.022747033910189885,1139,1422,2566
229,184.95473833097594,0.02261881388462602,1153,1395,2467
230,184.95473833097594,0.022666896394212467,1136,1438,2496
231,184.95473833097594,0.022963405203328912,1181,1484,2529
232,184.95473833097594,0.02257874512663731,1159,1451,2515
233,184.95473833097594,0.022963405203328912,1147,1460,2488
234,184.95473833097594,0.02271898577959779,1190,1440,2487
235,184.95473833097594,0.02294737770013343,1205,1453,2549
236,184.95473833097594,0.02295939832753004,1197,1471,2547
237,184.95473833097594,0.02280313017137408,1128,1489,2509
238,184.95473833097594,0.022899295190546978,1158,1463,2542
239,184.95473833097594,0.022935357072736817,1129,1453,2570
240,184.95473833097594,0.02257874512663731,1145,1409,2583
241,184.95473833097594,0.02285922643255827,1146,1439,2567
242,184.95473833097594,0.02252665574125199,1152,1394,2520
243,184.95473833097594,0.022694944524804566,1120,1428,2469
244,184.95473833097594,0.02281515079877069,1134,1421,2502
245,184.95473833097594,0.022426483846280217,1116,1357,2464
246,184.95473833097594,0.022666896394212467,1135,1394,2492
247,184.95473833097594,0.0227310064069944,1102,1428,2528
248,184.95473833097594,0.02284720580516166,1114,1433,2514
249,184.95473833097594,0.022650868891016984,1126,1486,2497
250,184.95473833097594,0.0223463463303028,1180,1448,2464
251,184.95473833097594,0.023111659607887133,1151,1518,2629
252,184.95473833097594,0.023344058404221643,1095,1487,2583
253,184.95473833097594,0.02249059385906215,1034,1444,2492
254,184.95473833097594,0.022518641989654246,1149,1442,2497
255,184.95473833097594,0.022446518225274572,1136,1457,2415
256,184.95473833097594,0.022706965152201178,1132,1514,2505
257,184.95473833097594,0.02290330206634585,1121,1421,2566
258,184.95473833097594,0.022751040785988757,1160,1429,2533
259,184.95473833097594,0.022839192053563915,1157,1445,2512
260,184.95473833097594,0.022334325702906187,1124,1420,2442
261,184.95473833097594,0.02248658698326328,1142,1419,2494
262,184.95473833097594,0.02253466949284973,1163,1420,2504
263,184.95473833097594,0.022678917021609082,1111,1480,2548
264,184.95473833097594,0.02289528831474811,1131,1462,2595
265,184.95473833097594,0.023247893385048745,1206,1504,2611
266,184.95473833097594,0.022911315817943593,1171,1505,2572
267,184.95473833097594,0.022791109543977464,1170,1436,2535
268,184.95473833097594,0.022686930773206822,1180,1425,2521
269,184.95473833097594,0.022418470094682477,1181,1444,2492
270,184.95473833097594,0.0223463463303028,1138,1445,2467
271,184.95473833097594,0.022935357072736817,1170,1471,2541
272,184.95473833097594,0.022759054537586497,1240,1458,2526
273,184.95473833097594,0.02248658698326328,1160,1387,2478
274,184.95473833097594,0.02280313017137408,1114,1448,2558
275,184.95473833097594,0.022678917021609082,1096,1449,2526
276,184.95473833097594,0.022334325702906187,1127,1459,2478
277,184.95473833097594,0.022542683244447474,1131,1467,2475
278,184.95473833097594,0.023035528967708586,1185,1460,2533
279,184.95473833097594,0.022743027034391013,1136,1515,2537
280,184.95473833097594,0.022863233308357142,1099,1544,2515
281,184.95473833097594,0.022510628238056506,1123,1464,2472
282,184.95473833097594,0.02299946708551875,1188,1476,2469
283,184.95473833097594,0.023251900260847613,1184,1467,2547
284,184.95473833097594,0.022546690120246342,1164,1445,2465
285,184.95473833097594,0.022743027034391013,1156,1445,2536
286,184.95473833097594,0.022322305075509575,1102,1461,2465
287,184.95473833097594,0.02243049072207909,1101,1486,2487
288,184.95473833097594,0.022470559480067796,1151,1395,2454
289,184.95473833097594,0.022598779505631664,1159,1427,2536
290,184.95473833097594,0.023031522091909718,1218,1458,2572
291,184.95473833097594,0.022574738250838437,1171,1433,2497
292,184.95473833097594,0.02247857323166554,1168,1380,2505
293,184.95473833097594,0.023111659607887133,1126,1472,2608
294,184.95473833097594,0.022851212680960527,1078,1534,2568
295,184.95473833097594,0.02281515079877069,1115,1434,2492
296,184.95473833097594,0.02317977649646794,1194,1456,2527
297,184.95473833097594,0.022698951400603434,1151,1431,2485
298,184.95473833097594,0.022610800133028276,1132,1415,2473
299,184.95473833097594,0.022839192053563915,1179,1497,2556
300,184.95473833097594,0.02263083451202263,1098,1460,2496
301,184.95473833097594,0.022819157674569563,1086,1437,2468
302,184.95473833097594,0.022646862015218115,1143,1411,2450
303,184.95473833097594,0.022614807008827148,1133,1464,2498
304,184.95473833097594,0.02267090327001134,1115,1501,2545
305,184.95473833097594,0.022654875766815855,1107,1462,2521
306,184.95473833097594,0.022093913154973936,1134,1442,2435
307,184.95473833097594,0.02248658698326328,1138,1437,2476
308,184.95473833097594,0.022562717623441825,1175,1471,2523
309,184.95473833097594,0.022871247059954882,1193,1480,2501
310,184.95473833097594,0.022927343321139073,1176,1507,2486
311,184.95473833097594,0.02257874512663731,1149,1501,2511
312,184.95473833097594,0.022198091925744578,1122,1398,2461
313,184.95473833097594,0.022598779505631664,1173,1403,2488
314,184.95473833097594,0.0226628895184136,1164,1472,2516
315,184.95473833097594,0.02259076575403392,1165,1394,2537
316,184.95473833097594,0.022558710747642954,1184,1424,2513
317,184.95473833097594,0.022326311951308447,1083,1437,2442
318,184.95473833097594,0.022887274563150366,1145,1448,2529
319,184.95473833097594,0.023075597725697297,1203,1400,2580
320,184.95473833097594,0.02253466949284973,1152,1450,2524
321,184.95473833097594,0.02230227069651522,1134,1422,2532
322,184.95473833097594,0.022290250069118608,1110,1470,2477
323,184.95473833097594,0.022726999531195533,1153,1502,2561
324,184.95473833097594,0.023444230299193417,1126,1538,2656
325,184.95473833097594,0.023011487712915363,1158,1528,2647
326,184.95473833097594,0.023063577098300685,1109,1494,2589
327,184.95473833097594,0.02295939832753004,1172,1504,2557
328,184.95473833097594,0.023239879633451,1181,1463,2570
329,184.95473833097594,0.023239879633451,1134,1475,2600
330,184.95473833097594,0.022706965152201178,1163,1439,2434
331,184.95473833097594,0.022807137047172948,1174,1419,2435
332,184.95473833097594,0.02308761835309391,1181,1401,2532
333,184.95473833097594,0.02307960460149617,1176,1450,2585
334,184.95473833097594,0.022787102668178596,1137,1423,2533
335,184.95473833097594,0.023119673359484876,1206,1425,2523
336,184.95473833097594,0.022883267687351494,1169,1446,2445
337,184.95473833097594,0.02323186588185326,1216,1423,2526
338,184.95473833097594,0.022450525101073444,1169,1368,2495
339,184.95473833097594,0.022739020158592145,1179,1401,2491
340,184.95473833097594,0.022807137047172948,1147,1453,2470
341,184.95473833097594,0.022923336445340205,1139,1410,2484
342,184.95473833097594,0.022835185177765043,1166,1396,2538
343,184.95473833097594,0.02261881388462602,1161,1457,2529
344,184.95473833097594,0.02276706828918424,1173,1428,2475
345,184.95473833097594,0.022506621362257635,1183,1402,2481
346,184.95473833097594,0.02239843571568812,1139,1423,2438
347,184.95473833097594,0.022650868891016984,1106,1436,2524
348,184.95473833097594,0.02262682763622376,1139,1406,2573
349,184.95473833097594,0.022354360081900542,1098,1441,2508
350,184.95473833097594,0.022791109543977464,1122,1436,2522
351,184.95473833097594,0.02291532269374246,1179,1423,2547
352,184.95473833097594,0.022975425830725524,1165,1444,2592
353,184.95473833097594,0.023075597725697297,1190,1478,2602
354,184.95473833097594,0.023015494588714235,1166,1439,2575
355,184.95473833097594,0.023380120286411482,1188,1453,2588
356,184.95473833097594,0.023408168417003578,1228,1476,2552
357,184.95473833097594,0.0227310064069944,1184,1381,2472
358,184.95473833097594,0.023003473961317623,1133,1492,2540
359,184.95473833097594,0.022378401336693766,1112,1405,2452
360,184.95473833097594,0.022614807008827148,1130,1461,2441
361,184.95473833097594,0.022402442591486993,1125,1397,2469
362,184.95473833097594,0.02225819506272764,1156,1391,2516
363,184.95473833097594,0.023312003397830676,1136,1474,2549
364,184.95473833097594,0.02272299265539666,1141,1469,2503
365,184.95473833097594,0.022747033910189885,1137,1476,2489
366,184.95473833097594,0.022686930773206822,1163,1461,2510
367,184.95473833097594,0.02299546020971988,1210,1433,2542
368,184.95473833097594,0.022871247059954882,1137,1467,2574
369,184.95473833097594,0.02336809965901487,1191,1515,2601
370,184.95473833097594,0.02317977649646794,1166,1520,2559
371,184.95473833097594,0.02286724018415601,1191,1438,2553
372,184.95473833097594,0.022714978903798918,1150,1437,2556
373,184.95473833097594,0.022967412079127784,1196,1467,2536
374,184.95473833097594,0.02216603691935361,1125,1435,2434
375,184.95473833097594,0.022863233308357142,1154,1429,2506
376,184.95473833097594,0.022510628238056506,1195,1411,2465
377,184.95473833097594,0.022458538852671184,1170,1425,2493
378,184.95473833097594,0.022666896394212467,1134,1502,2538
379,184.95473833097594,0.022566724499240697,1165,1471,2503
380,184.95473833097594,0.02238641508829151,1125,1412,2440
381,184.95473833097594,0.022799123295575208,1177,1448,2549
382,184.95473833097594,0.023015494588714235,1085,1492,2597
383,184.95473833097594,0.022530662617050858,1161,1426,2435
384,184.95473833097594,0.02281515079877069,1176,1467,2508
385,184.95473833097594,0.02291532269374246,1155,1442,2548
386,184.95473833097594,0.023452244050791157,1202,1513,2633
387,184.95473833097594,0.02317977649646794,1190,1486,2610
388,184.95473833097594,0.022650868891016984,1186,1457,2516
389,184.95473833097594,0.022963405203328912,1176,1455,2545
390,184.95473833097594,0.02355241594576293,1181,1451,2596
391,184.95473833097594,0.02262682763622376,1196,1459,2488
392,184.95473833097594,0.022927343321139073,1198,1472,2470
393,184.95473833097594,0.022739020158592145,1158,1471,2523
394,184.95473833097594,0.02281515079877069,1189,1421,2570
395,184.95473833097594,0.023095632104691653,1204,1432,2604
396,184.95473833097594,0.022606793257229404,1189,1402,2492
397,184.95473833097594,0.022690937649005694,1130,1417,2549
398,184.95473833097594,0.023115666483686004,1186,1465,2585
399,184.95473833097594,0.0226628895184136,1130,1467,2480
400,184.95473833097594,0.02248658698326328,1131,1471,2448
401,184.95473833097594,0.022634841387821503,1146,1456,2540
402,184.95473833097594,0.022863233308357142,1173,1484,2570
403,184.95473833097594,0.023107652732088264,1171,1508,2591
404,184.95473833097594,0.022422476970481345,1136,1440,2478
405,184.95473833097594,0.02285922643255827,1119,1440,2496
406,184.95473833097594,0.022871247059954882,1108,1471,2564
407,184.95473833097594,0.02243449759787796,1122,1357,2463
408,184.95473833097594,0.02286724018415601,1199,1415,2531
409,184.95473833097594,0.02290330206634585,1161,1468,2486
410,184.95473833097594,0.023055563346702942,1152,1477,2609
411,184.95473833097594,0.023039535843507458,1181,1483,2590
412,184.95473833097594,0.022791109543977464,1205,1465,2520
413,184.95473833097594,0.02277508204078198,1107,1465,2537
414,184.95473833097594,0.022706965152201178,1166,1417,2523
415,184.95473833097594,0.022931350196937945,1174,1456,2503
416,184.95473833097594,0.02299946708551875,1173,1466,2551
417,184.95473833097594,0.022871247059954882,1139,1457,2503
418,184.95473833097594,0.02281515079877069,1185,1510,2512
419,184.95473833097594,0.022658882642614727,1186,1463,2502
420,184.95473833097594,0.02293936394853569,1153,1490,2510
421,184.95473833097594,0.023035528967708586,1158,1469,2568
422,184.95473833097594,0.023115666483686004,1173,1476,2626
423,184.95473833097594,0.022791109543977464,1132,1471,2547
424,184.95473833097594,0.022979432706524396,1173,1442,2527
425,184.95473833097594,0.022927343321139073,1194,1424,2573
426,184.95473833097594,0.02271898577959779,1132,1431,2562
427,184.95473833097594,0.022883267687351494,1168,1483,2500
428,184.95473833097594,0.022955391451731172,1167,1497,2507
429,184.95473833097594,0.022678917021609082,1144,1455,2508
430,184.95473833097594,0.022194085049945706,1131,1408,2464
431,184.95473833097594,0.0227310064069944,1135,1475,2506
432,184.95473833097594,0.02304354271930633,1144,1436,2563
433,184.95473833097594,0.02276706828918424,1172,1342,2508
434,184.95473833097594,0.02281515079877069,1164,1392,2552
435,184.95473833097594,0.022646862015218115,1158,1419,2482
436,184.95473833097594,0.02257073137503957,1162,1422,2527
437,184.95473833097594,0.022891281438949238,1221,1453,2544
438,184.95473833097594,0.022574738250838437,1121,1379,2512
439,184.95473833097594,0.02257073137503957,1135,1435,2557
440,184.95473833097594,0.022923336445340205,1153,1447,2600
441,184.95473833097594,0.022955391451731172,1145,1421,2595
442,184.95473833097594,0.022518641989654246,1135,1396,2571
443,184.95473833097594,0.022879260811552626,1123,1468,2554
444,184.95473833097594,0.0228552195567594,1167,1425,2534
445,184.95473833097594,0.02243850447367683,1174,1360,2500
446,184.95473833097594,0.022474566355866667,1158,1413,2524
447,184.95473833097594,0.02239843571568812,1133,1463,2523
448,184.95473833097594,0.022598779505631664,1132,1466,2498
449,184.95473833097594,0.02293936394853569,1142,1458,2571
450,184.95473833097594,0.022602786381430536,1141,1435,2553
451,184.95473833097594,0.022450525101073444,1192,1442,2543
452,184.95473833097594,0.022566724499240697,1191,1441,2497
453,184.95473833097594,0.022554703871844085,1168,1423,2466
454,184.95473833097594,0.022518641989654246,1169,1385,2456
455,184.95473833097594,0.023199810875462294,1250,1449,2572
456,184.95473833097594,0.02275504766178763,1172,1452,2494
457,184.95473833097594,0.02309963898049052,1180,1477,2572
458,184.95473833097594,0.023107652732088264,1178,1536,2548
459,184.95473833097594,0.0229513845759323,1154,1460,2531
460,184.95473833097594,0.023219845254456646,1177,1493,2535
461,184.95473833097594,0.022414463218883605,1129,1435,2470
462,184.95473833097594,0.02290330206634585,1156,1446,2455
463,184.95473833097594,0.0226628895184136,1137,1444,2478
464,184.95473833097594,0.022971418954926656,1142,1472,2569
465,184.95473833097594,0.022843198929362787,1139,1457,2516
466,184.95473833097594,0.02309162522889278,1163,1407,2541
467,184.95473833097594,0.022971418954926656,1142,1470,2517
468,184.95473833097594,0.022234153807934417,1108,1439,2422
469,184.95473833097594,0.022871247059954882,1168,1462,2508
470,184.95473833097594,0.022622820760424888,1166,1439,2520
471,184.95473833097594,0.022706965152201178,1127,1431,2501
472,184.95473833097594,0.023344058404221643,1207,1465,2548
473,184.95473833097594,0.022879260811552626,1144,1507,2476
474,184.95473833097594,0.022690937649005694,1136,1475,2454
475,184.95473833097594,0.02243049072207909,1133,1422,2483
476,184.95473833097594,0.022706965152201178,1142,1465,2538
477,184.95473833097594,0.02261881388462602,1141,1434,2516
478,184.95473833097594,0.02235035320610167,1072,1392,2488
479,184.95473833097594,0.022218126304738933,1093,1445,2408
480,184.95473833097594,0.022771075164983112,1158,1421,2472
481,184.95473833097594,0.023203817751261162,1210,1508,2558
482,184.95473833097594,0.022871247059954882,1163,1454,2463
483,184.95473833097594,0.023372106534813742,1181,1502,2571
484,184.95473833097594,0.02359649157955051,1235,1479,2626
485,184.95473833097594,0.022666896394212467,1184,1433,2508
486,184.95473833097594,0.022783095792379724,1183,1476,2502
487,184.95473833097594,0.022927343321139073,1196,1470,2511
488,184.95473833097594,0.022518641989654246,1136,1435,2424
489,184.95473833097594,0.022358366957699414,1153,1471,2491
490,184.95473833097594,0.0226628895184136,1193,1449,2501
491,184.95473833097594,0.022422476970481345,1153,1445,2441
492,184.95473833097594,0.022450525101073444,1145,1453,2468
493,184.95473833097594,0.022887274563150366,1177,1458,2569
494,184.95473833097594,0.022887274563150366,1212,1426,2601
495,184.95473833097594,0.02290330206634585,1146,1463,2547
496,184.95473833097594,0.022779088916580852,1177,1419,2562
497,184.95473833097594,0.022706965152201178,1181,1417,2530
498,184.95473833097594,0.022506621362257635,1185,1410,2504
499,184.95473833097594,0.0227310064069944,1127,1424,2509
500,184.95473833097594,0.02332803090102616,1214,1489,2588
501,184.95473833097594,0.023083611477295037,1206,1497,2542
502,184.95473833097594,0.022622820760424888,1196,1434,2498
503,184.95473833097594,0.022702958276402306,1209,1396,2507
504,184.95473833097594,0.022883267687351494,1213,1389,2555
505,184.95473833097594,0.022538676368648602,1179,1431,2504
506,184.95473833097594,0.02277508204078198,1180,1436,2518
507,184.95473833097594,0.022843198929362787,1170,1423,2516
508,184.95473833097594,0.022634841387821503,1124,1422,2497
509,184.95473833097594,0.02267090327001134,1133,1411,2490
510,184.95473833097594,0.023239879633451,1134,1453,2605
511,184.95473833097594,0.022783095792379724,1167,1390,2570
512,184.95473833097594,0.023075597725697297,1197,1422,2477
513,184.95473833097594,0.02276306141338537,1128,1458,2504
514,184.95473833097594,0.023035528967708586,1176,1511,2560
515,184.95473833097594,0.022839192053563915,1140,1459,2469
516,184.95473833097594,0.022923336445340205,1147,1479,2490
517,184.95473833097594,0.02300748083711649,1186,1454,2521
518,184.95473833097594,0.022759054537586497,1149,1443,2504
519,184.95473833097594,0.022726999531195533,1107,1465,2593
520,184.95473833097594,0.02284720580516166,1159,1445,2527
521,184.95473833097594,0.023432209671796805,1183,1475,2593
522,184.95473833097594,0.023127687111082616,1194,1500,2561
523,184.95473833097594,0.023075597725697297,1156,1515,2498
524,184.95473833097594,0.023071590849898425,1163,1507,2535
525,184.95473833097594,0.022883267687351494,1168,1490,2554
526,184.95473833097594,0.022887274563150366,1181,1442,2527
527,184.95473833097594,0.022883267687351494,1201,1441,2498
528,184.95473833097594,0.0223463463303028,1105,1409,2501
529,184.95473833097594,0.022141995664560387,1148,1370,2409
530,184.95473833097594,0.02253466949284973,1121,1424,2496
531,184.95473833097594,0.02230627757231409,1147,1415,2505
532,184.95473833097594,0.02290730894214472,1163,1449,2542
533,184.95473833097594,0.022851212680960527,1162,1434,2531
534,184.95473833097594,0.023528374690969703,1205,1459,2580
535,184.95473833097594,0.022714978903798918,1141,1417,2515
536,184.95473833097594,0.022554703871844085,1137,1431,2511
537,184.95473833097594,0.022422476970481345,1120,1445,2457
538,184.95473833097594,0.02277508204078198,1109,1458,2521
539,184.95473833097594,0.02257874512663731,1141,1418,2520
540,184.95473833097594,0.022807137047172948,1146,1482,2568
541,184.95473833097594,0.022839192053563915,1156,1428,2535
542,184.95473833097594,0.022414463218883605,1108,1480,2528
543,184.95473833097594,0.022779088916580852,1127,1457,2467
544,184.95473833097594,0.023107652732088264,1206,1462,2551
545,184.95473833097594,0.022943370824334557,1148,1512,2546
546,184.95473833097594,0.022795116419776336,1164,1477,2547
547,184.95473833097594,0.02281114392297182,1174,1490,2554
548,184.95473833097594,0.02249059385906215,1120,1421,2511
549,184.95473833097594,0.02263083451202263,1143,1425,2517
550,184.95473833097594,0.022558710747642954,1079,1438,2464
551,184.95473833097594,0.022887274563150366,1104,1531,2540
552,184.95473833097594,0.022474566355866667,1117,1463,2457
553,184.95473833097594,0.0226628895184136,1165,1392,2442
554,184.95473833097594,0.022218126304738933,1107,1394,2438
555,184.95473833097594,0.022791109543977464,1113,1441,2513
556,184.95473833097594,0.0228552195567594,1147,1452,2458
557,184.95473833097594,0.02284720580516166,1154,1454,2496
558,184.95473833097594,0.02284720580516166,1171,1449,2546
559,184.95473833097594,0.02262682763622376,1169,1401,2483
560,184.95473833097594,0.02271898577959779,1197,1411,2509
561,184.95473833097594,0.02248658698326328,1159,1435,2531
562,184.95473833097594,0.02263083451202263,1129,1474,2515
563,184.95473833097594,0.02290730894214472,1173,1501,2529
564,184.95473833097594,0.022891281438949238,1170,1467,2496
565,184.95473833097594,0.022739020158592145,1111,1448,2539
566,184.95473833097594,0.022678917021609082,1143,1413,2551
567,184.95473833097594,0.0231437146142781,1146,1508,2559
568,184.95473833097594,0.023107652732088264,1139,1498,2527
569,184.95473833097594,0.022686930773206822,1149,1442,2514
570,184.95473833097594,0.022799123295575208,1130,1412,2566
571,184.95473833097594,0.02259076575403392,1155,1440,2548
572,184.95473833097594,0.02267491014581021,1135,1430,2531
573,184.95473833097594,0.02275504766178763,1144,1420,2506
574,184.95473833097594,0.022931350196937945,1196,1391,2491
575,184.95473833097594,0.0229513845759323,1177,1420,2582
576,184.95473833097594,0.022879260811552626,1097,1410,2502
577,184.95473833097594,0.023003473961317623,1119,1458,2595
578,184.95473833097594,0.022791109543977464,1126,1450,2554
579,184.95473833097594,0.023175769620669067,1195,1503,2610
580,184.95473833097594,0.023003473961317623,1208,1444,2625
581,184.95473833097594,0.02252665574125199,1138,1421,2554
582,184.95473833097594,0.022747033910189885,1144,1436,2539
583,184.95473833097594,0.022458538852671184,1139,1382,2469
584,184.95473833097594,0.022310284448112963,1186,1353,2423
585,184.95473833097594,0.022546690120246342,1171,1431,2452
586,184.95473833097594,0.022358366957699414,1121,1436,2484
587,184.95473833097594,0.022542683244447474,1107,1429,2515
588,184.95473833097594,0.022726999531195533,1124,1395,2525
589,184.95473833097594,0.022751040785988757,1206,1386,2544
590,184.95473833097594,0.022466552604268924,1152,1348,2527
591,184.95473833097594,0.022606793257229404,1131,1401,2537
592,184.95473833097594,0.022759054537586497,1157,1379,2558
593,184.95473833097594,0.022542683244447474,1123,1439,2435
594,184.95473833097594,0.022678917021609082,1114,1447,2514
595,184.95473833097594,0.022558710747642954,1148,1438,2485
596,184.95473833097594,0.023111659607887133,1196,1466,2591
597,184.95473833097594,0.023340051528422775,1181,1441,2524
598,184.95473833097594,0.023352072155819387,1135,1511,2535
599,184.95473833097594,0.023219845254456646,1160,1462,2614
600,184.95473833097594,0.02281515079877069,1132,1434,2558
601,184.95473833097594,0.02271898577959779,1158,1385,2507
602,184.95473833097594,0.022759054537586497,1145,1363,2495
603,184.95473833097594,0.022622820760424888,1116,1443,2468
604,184.95473833097594,0.02263083451202263,1173,1414,2441
605,184.95473833097594,0.023299982770434064,1204,1506,2602
606,184.95473833097594,0.023255907136646485,1154,1510,2585
607,184.95473833097594,0.022935357072736817,1148,1511,2580
608,184.95473833097594,0.022574738250838437,1172,1430,2500
609,184.95473833097594,0.02243449759787796,1110,1433,2479
610,184.95473833097594,0.022174050670951354,1165,1404,2459
611,184.95473833097594,0.022218126304738933,1148,1366,2515
612,184.95473833097594,0.02230227069651522,1170,1428,2454
613,184.95473833097594,0.022382408212492638,1152,1429,2463
614,184.95473833097594,0.022410456343084733,1146,1425,2437
615,184.95473833097594,0.02271097202800005,1178,1499,2514
616,184.95473833097594,0.02280313017137408,1167,1452,2536
617,184.95473833097594,0.023428202795997933,1162,1473,2601
618,184.95473833097594,0.022622820760424888,1136,1453,2542
619,184.95473833097594,0.02280313017137408,1114,1457,2509
620,184.95473833097594,0.022899295190546978,1121,1471,2525
621,184.95473833097594,0.023119673359484876,1111,1494,2568
622,184.95473833097594,0.02263083451202263,1122,1466,2517
623,184.95473833097594,0.022558710747642954,1107,1471,2560
624,184.95473833097594,0.022174050670951354,1174,1422,2480
625,184.95473833097594,0.02267090327001134,1209,1387,2524
626,184.95473833097594,0.023211831502858906,1190,1458,2572
627,184.95473833097594,0.022955391451731172,1158,1465,2502
628,184.95473833097594,0.022522648865453118,1182,1412,2447
629,184.95473833097594,0.022566724499240697,1190,1454,2422
630,184.95473833097594,0.022274222565923124,1132,1429,2471
631,184.95473833097594,0.022827171426167303,1136,1501,2535
632,184.95473833097594,0.022698951400603434,1112,1481,2467
633,184.95473833097594,0.02299546020971988,1145,1485,2531
634,184.95473833097594,0.022666896394212467,1141,1474,2561
635,184.95473833097594,0.02309963898049052,1178,1482,2571
636,184.95473833097594,0.02307960460149617,1172,1485,2572
637,184.95473833097594,0.022538676368648602,1132,1395,2505
638,184.95473833097594,0.022935357072736817,1157,1482,2468
639,184.95473833097594,0.022839192053563915,1169,1432,2488
640,184.95473833097594,0.022955391451731172,1146,1446,2546
641,184.95473833097594,0.022807137047172948,1132,1454,2457
642,184.95473833097594,0.022694944524804566,1165,1436,2473
643,184.95473833097594,0.022911315817943593,1169,1505,2593
644,184.95473833097594,0.022991453333921007,1192,1465,2576
645,184.95473833097594,0.022759054537586497,1150,1467,2479
646,184.95473833097594,0.022530662617050858,1156,1406,2514
647,184.95473833097594,0.022274222565923124,1119,1418,2534
648,184.95473833097594,0.02216203004355474,1135,1371,2511
649,184.95473833097594,0.022530662617050858,1183,1371,2451
650,184.95473833097594,0.022971418954926656,1173,1402,2505
651,184.95473833097594,0.0228552195567594,1174,1480,2533
652,184.95473833097594,0.022795116419776336,1159,1491,2509
653,184.95473833097594,0.023083611477295037,1215,1420,2657
654,184.95473833097594,0.02300748083711649,1142,1473,2529
655,184.95473833097594,0.023303989646232936,1183,1507,2530
656,184.95473833097594,0.02221011255314119,1146,1407,2432
657,184.95473833097594,0.022983439582323267,1165,1480,2501
658,184.95473833097594,0.022634841387821503,1133,1422,2451
659,184.95473833097594,0.022714978903798918,1136,1421,2503
660,184.95473833097594,0.02239442883988925,1107,1398,2468
661,184.95473833097594,0.022807137047172948,1095,1419,2544
662,184.95473833097594,0.022714978903798918,1086,1521,2544
663,184.95473833097594,0.022871247059954882,1157,1482,2609
664,184.95473833097594,0.022931350196937945,1209,1435,2559
665,184.95473833097594,0.023175769620669067,1169,1465,2618
666,184.95473833097594,0.02299946708551875,1144,1499,2575
667,184.95473833097594,0.022835185177765043,1111,1470,2554
668,184.95473833097594,0.023095632104691653,1135,1454,2552
669,184.95473833097594,0.02293936394853569,1156,1459,2544
670,184.95473833097594,0.022983439582323267,1143,1452,2493
671,184.95473833097594,0.022795116419776336,1125,1432,2518
672,184.95473833097594,0.022266208814325384,1136,1435,2496
673,184.95473833097594,0.022743027034391013,1225,1469,2557
674,184.95473833097594,0.02249860761065989,1162,1468,2558
675,184.95473833097594,0.02258275200243618,1196,1458,2559
676,184.95473833097594,0.022963405203328912,1199,1446,2537
677,184.95473833097594,0.022698951400603434,1161,1443,2564
678,184.95473833097594,0.022290250069118608,1128,1443,2521
679,184.95473833097594,0.02257874512663731,1165,1426,2486
680,184.95473833097594,0.0227310064069944,1155,1397,2541
681,184.95473833097594,0.022414463218883605,1147,1434,2459
682,184.95473833097594,0.022658882642614727,1140,1441,2544
683,184.95473833097594,0.022706965152201178,1153,1431,2535
684,184.95473833097594,0.02248658698326328,1118,1446,2532
685,184.95473833097594,0.02257874512663731,1134,1418,2533
686,184.95473833097594,0.02291532269374246,1132,1494,2531
687,184.95473833097594,0.022474566355866667,1106,1435,2519
688,184.95473833097594,0.022594772629832793,1163,1458,2510
689,184.95473833097594,0.02322785900605439,1200,1464,2563
690,184.95473833097594,0.023067583974099554,1200,1476,2546
691,184.95473833097594,0.02262682763622376,1120,1412,2505
692,184.95473833097594,0.02276306141338537,1149,1429,2540
693,184.95473833097594,0.02276306141338537,1187,1417,2557
694,184.95473833097594,0.022827171426167303,1182,1444,2517
695,184.95473833097594,0.022919329569541333,1135,1475,2545
696,184.95473833097594,0.023075597725697297,1148,1487,2532
697,184.95473833097594,0.023388134038009222,1192,1520,2564
698,184.95473833097594,0.023336044652623903,1198,1515,2554
699,184.95473833097594,0.022799123295575208,1151,1434,2550
700,184.95473833097594,0.022883267687351494,1134,1491,2564
701,184.95473833097594,0.02275504766178763,1087,1487,2507
702,184.95473833097594,0.023372106534813742,1211,1463,2656
703,184.95473833097594,0.022935357072736817,1145,1399,2546
704,184.95473833097594,0.022558710747642954,1147,1383,2483
705,184.95473833097594,0.022931350196937945,1137,1412,2488
706,184.95473833097594,0.022831178301966175,1170,1444,2455
707,184.95473833097594,0.022602786381430536,1139,1474,2408
708,184.95473833097594,0.022454531976872312,1136,1401,2454
709,184.95473833097594,0.022887274563150366,1105,1460,2534
710,184.95473833097594,0.02271097202800005,1139,1459,2531
711,184.95473833097594,0.02268292389740795,1129,1451,2499
712,184.95473833097594,0.022923336445340205,1173,1446,2524
713,184.95473833097594,0.022931350196937945,1176,1475,2579
714,184.95473833097594,0.02323587275765213,1136,1459,2588
715,184.95473833097594,0.022935357072736817,1154,1418,2503
716,184.95473833097594,0.02271097202800005,1121,1452,2464
717,184.95473833097594,0.02280313017137408,1186,1427,2489
718,184.95473833097594,0.022574738250838437,1218,1417,2485
719,184.95473833097594,0.02289528831474811,1166,1466,2528
720,184.95473833097594,0.022739020158592145,1157,1455,2490
721,184.95473833097594,0.022955391451731172,1157,1471,2531
722,184.95473833097594,0.023211831502858906,1183,1484,2557
723,184.95473833097594,0.02304354271930633,1146,1445,2501
724,184.95473833097594,0.02258275200243618,1127,1416,2552
725,184.95473833097594,0.0227310064069944,1124,1415,2590
726,184.95473833097594,0.022586758878235053,1126,1399,2566
727,184.95473833097594,0.022694944524804566,1144,1364,2543
728,184.95473833097594,0.02309162522889278,1174,1446,2585
729,184.95473833097594,0.02293936394853569,1166,1516,2552
730,184.95473833097594,0.022819157674569563,1130,1515,2561
731,184.95473833097594,0.02280313017137408,1148,1458,2538
732,184.95473833097594,0.02308761835309391,1184,1441,2561
733,184.95473833097594,0.02267090327001134,1140,1432,2552
734,184.95473833097594,0.022242167559532157,1127,1434,2476
735,184.95473833097594,0.022410456343084733,1149,1413,2503
736,184.95473833097594,0.022650868891016984,1128,1439,2554
737,184.95473833097594,0.022967412079127784,1187,1463,2543
738,184.95473833097594,0.022410456343084733,1152,1404,2454
739,184.95473833097594,0.022883267687351494,1194,1456,2558
740,184.95473833097594,0.02305155647090407,1198,1466,2559
741,184.95473833097594,0.023167755869071327,1144,1479,2572
742,184.95473833097594,0.022935357072736817,1220,1442,2549
743,184.95473833097594,0.023223852130255518,1188,1492,2598
744,184.95473833097594,0.022474566355866667,1172,1432,2496
745,184.95473833097594,0.022522648865453118,1129,1430,2497
746,184.95473833097594,0.02257874512663731,1102,1468,2492
747,184.95473833097594,0.02300748083711649,1159,1499,2524
748,184.95473833097594,0.022666896394212467,1089,1483,2515
749,184.95473833097594,0.022835185177765043,1124,1448,2526
750,184.95473833097594,0.022743027034391013,1146,1489,2538
751,184.95473833097594,0.022270215690124252,1091,1410,2502
752,184.95473833097594,0.021997748135801035,1103,1433,2456
753,184.95473833097594,0.022450525101073444,1152,1450,2491
754,184.95473833097594,0.022622820760424888,1191,1485,2546
755,184.95473833097594,0.022586758878235053,1132,1411,2479
756,184.95473833097594,0.022382408212492638,1145,1427,2431
757,184.95473833097594,0.02284720580516166,1173,1475,2557
758,184.95473833097594,0.02215802316775587,1148,1436,2448
759,184.95473833097594,0.022510628238056506,1162,1426,2417
760,184.95473833097594,0.022426483846280217,1142,1425,2455
761,184.95473833097594,0.02253466949284973,1090,1459,2484
762,184.95473833097594,0.02295939832753004,1149,1475,2545
763,184.95473833097594,0.022979432706524396,1181,1465,2509
764,184.95473833097594,0.022646862015218115,1178,1458,2492
765,184.95473833097594,0.0227310064069944,1157,1447,2520
766,184.95473833097594,0.02284720580516166,1132,1451,2540
767,184.95473833097594,0.022650868891016984,1152,1433,2477
768,184.95473833097594,0.022502614486458763,1162,1389,2439
769,184.95473833097594,0.022410456343084733,1141,1367,2453
770,184.95473833097594,0.022610800133028276,1176,1368,2472
771,184.95473833097594,0.022714978903798918,1135,1393,2528
772,184.95473833097594,0.022542683244447474,1195,1432,2503
773,184.95473833097594,0.022827171426167303,1133,1473,2568
774,184.95473833097594,0.022694944524804566,1101,1436,2570
775,184.95473833097594,0.02277508204078198,1135,1401,2503
776,184.95473833097594,0.022759054537586497,1156,1416,2557
777,184.95473833097594,0.022887274563150366,1168,1419,2574
778,184.95473833097594,0.022706965152201178,1142,1442,2551
779,184.95473833097594,0.022137988788761515,1107,1390,2510
780,184.95473833097594,0.022482580107464407,1126,1420,2514
781,184.95473833097594,0.022450525101073444,1118,1380,2571
782,184.95473833097594,0.02277508204078198,1189,1398,2555
783,184.95473833097594,0.022666896394212467,1154,1400,2602
784,184.95473833097594,0.02304354271930633,1171,1493,2607
785,184.95473833097594,0.02318378337226681,1186,1492,2584
786,184.95473833097594,0.02276306141338537,1147,1396,2541
787,184.95473833097594,0.022454531976872312,1178,1414,2566
788,184.95473833097594,0.022466552604268924,1152,1426,2527
789,184.95473833097594,0.02249059385906215,1139,1411,2521
790,184.95473833097594,0.022458538852671184,1174,1400,2523
791,184.95473833097594,0.022927343321139073,1145,1447,2620
792,184.95473833097594,0.022911315817943593,1096,1452,2563
793,184.95473833097594,0.022574738250838437,1160,1420,2529
794,184.95473833097594,0.022963405203328912,1134,1452,2527
795,184.95473833097594,0.02309162522889278,1143,1420,2613
796,184.95473833097594,0.023115666483686004,1168,1474,2573
797,184.95473833097594,0.023111659607887133,1218,1476,2533
798,184.95473833097594,0.023344058404221643,1230,1466,2583
799,184.95473833097594,0.022759054537586497,1168,1473,2510
800,184.95473833097594,0.022891281438949238,1167,1465,2538
801,184.95473833097594,0.02294737770013343,1173,1451,2590
802,184.95473833097594,0.022747033910189885,1150,1450,2503
803,184.95473833097594,0.022518641989654246,1141,1406,2505
804,184.95473833097594,0.02290730894214472,1145,1449,2584
805,184.95473833097594,0.022606793257229404,1149,1418,2595
806,184.95473833097594,0.02263083451202263,1128,1457,2577
807,184.95473833097594,0.02267491014581021,1162,1451,2574
808,184.95473833097594,0.023107652732088264,1203,1407,2581
809,184.95473833097594,0.022174050670951354,1130,1404,2460
810,184.95473833097594,0.022819157674569563,1110,1444,2529
811,184.95473833097594,0.022602786381430536,1166,1399,2504
812,184.95473833097594,0.021953672502013456,1123,1454,2439
813,184.95473833097594,0.023279948391439712,1203,1487,2529
814,184.95473833097594,0.022899295190546978,1140,1440,2474
815,184.95473833097594,0.02257874512663731,1159,1421,2467
816,184.95473833097594,0.023155735241674715,1181,1449,2508
817,184.95473833097594,0.022827171426167303,1160,1423,2525
818,184.95473833097594,0.023243886509249873,1181,1457,2522
819,184.95473833097594,0.022743027034391013,1135,1474,2440
820,184.95473833097594,0.023175769620669067,1186,1498,2533
821,184.95473833097594,0.02249860761065989,1153,1469,2413
822,184.95473833097594,0.02271097202800005,1150,1389,2497
823,184.95473833097594,0.02257874512663731,1112,1439,2506
824,184.95473833097594,0.02280313017137408,1153,1461,2506
825,184.95473833097594,0.022334325702906187,1191,1435,2431
826,184.95473833097594,0.02271097202800005,1184,1489,2484
827,184.95473833097594,0.022911315817943593,1148,1484,2538
828,184.95473833097594,0.02267090327001134,1162,1432,2524
829,184.95473833097594,0.0227310064069944,1146,1461,2533
830,184.95473833097594,0.022702958276402306,1138,1487,2502
831,184.95473833097594,0.02276306141338537,1183,1452,2509
832,184.95473833097594,0.022598779505631664,1156,1449,2505
833,184.95473833097594,0.02247857323166554,1108,1412,2550
834,184.95473833097594,0.022714978903798918,1128,1398,2519
835,184.95473833097594,0.02257073137503957,1147,1408,2481
836,184.95473833097594,0.02231429132391183,1144,1397,2409
837,184.95473833097594,0.02290730894214472,1180,1453,2510
838,184.95473833097594,0.022799123295575208,1180,1447,2426
839,184.95473833097594,0.02290330206634585,1179,1426,2456
840,184.95473833097594,0.022863233308357142,1189,1418,2480
841,184.95473833097594,0.022494600734861023,1179,1396,2449
842,184.95473833097594,0.02249860761065989,1105,1416,2427
843,184.95473833097594,0.022422476970481345,1083,1390,2442
844,184.95473833097594,0.022462545728470056,1136,1403,2430
845,184.95473833097594,0.022610800133028276,1103,1435,2480
846,184.95473833097594,0.022550696996045214,1133,1440,2552
847,184.95473833097594,0.02257073137503957,1100,1425,2542
848,184.95473833097594,0.02258275200243618,1085,1522,2536
849,184.95473833097594,0.02271898577959779,1133,1493,2556
850,184.95473833097594,0.022266208814325384,1192,1390,2497
851,184.95473833097594,0.022931350196937945,1170,1453,2564
852,184.95473833097594,0.022614807008827148,1162,1397,2516
853,184.95473833097594,0.022518641989654246,1125,1411,2516
854,184.95473833097594,0.022863233308357142,1174,1459,2567
855,184.95473833097594,0.023027515216110846,1183,1465,2556
856,184.95473833097594,0.022514635113855375,1123,1499,2507
857,184.95473833097594,0.022795116419776336,1185,1481,2554
858,184.95473833097594,0.023279948391439712,1179,1447,2561
859,184.95473833097594,0.023011487712915363,1181,1453,2493
860,184.95473833097594,0.022923336445340205,1210,1415,2476
861,184.95473833097594,0.022739020158592145,1182,1473,2539
862,184.95473833097594,0.022843198929362787,1164,1432,2566
863,184.95473833097594,0.023019501464513103,1154,1484,2573
864,184.95473833097594,0.022654875766815855,1164,1463,2453
865,184.95473833097594,0.02290330206634585,1127,1449,2560
866,184.95473833097594,0.022963405203328912,1121,1455,2545
867,184.95473833097594,0.022839192053563915,1176,1443,2557
868,184.95473833097594,0.022923336445340205,1192,1476,2525
869,184.95473833097594,0.02261881388462602,1196,1471,2507
870,184.95473833097594,0.022554703871844085,1165,1488,2483
871,184.95473833097594,0.022839192053563915,1199,1492,2487
872,184.95473833097594,0.02267090327001134,1165,1441,2528
873,184.95473833097594,0.0228552195567594,1158,1431,2503
874,184.95473833097594,0.02272299265539666,1155,1493,2487
875,184.95473833097594,0.022787102668178596,1158,1442,2517
876,184.95473833097594,0.022454531976872312,1068,1448,2492
877,184.95473833097594,0.022694944524804566,1122,1438,2482
878,184.95473833097594,0.022743027034391013,1130,1489,2519
879,184.95473833097594,0.02238641508829151,1124,1435,2485
880,184.95473833097594,0.022991453333921007,1147,1495,2499
881,184.95473833097594,0.022458538852671184,1158,1456,2495
882,184.95473833097594,0.022542683244447474,1202,1449,2426
883,184.95473833097594,0.02249059385906215,1129,1440,2427
884,184.95473833097594,0.022546690120246342,1139,1409,2455
885,184.95473833097594,0.022530662617050858,1129,1463,2467
886,184.95473833097594,0.02258275200243618,1120,1410,2484
887,184.95473833097594,0.02267090327001134,1172,1456,2499
888,184.95473833097594,0.02249059385906215,1150,1421,2448
889,184.95473833097594,0.02281114392297182,1163,1488,2563
890,184.95473833097594,0.022979432706524396,1184,1490,2582
891,184.95473833097594,0.023239879633451,1194,1487,2577
892,184.95473833097594,0.022967412079127784,1150,1469,2578
893,184.95473833097594,0.02277508204078198,1148,1459,2503
894,184.95473833097594,0.02240644946728586,1122,1448,2474
895,184.95473833097594,0.02240644946728586,1151,1425,2542
896,184.95473833097594,0.02249860761065989,1170,1420,2484
897,184.95473833097594,0.022831178301966175,1152,1476,2504
898,184.95473833097594,0.023047549595105202,1190,1510,2549
899,184.95473833097594,0.022739020158592145,1165,1470,2518
900,184.95473833097594,0.022586758878235053,1184,1430,2496
901,184.95473833097594,0.022827171426167303,1163,1463,2507
902,184.95473833097594,0.022759054537586497,1135,1412,2513
903,184.95473833097594,0.02271898577959779,1140,1453,2493
904,184.95473833097594,0.022610800133028276,1156,1406,2535
905,184.95473833097594,0.02230627757231409,1094,1414,2488
906,184.95473833097594,0.022666896394212467,1151,1417,2540
907,184.95473833097594,0.022462545728470056,1163,1387,2529
908,184.95473833097594,0.02282316455036843,1132,1483,2580
909,184.95473833097594,0.022558710747642954,1112,1497,2543
910,184.95473833097594,0.022238160683733285,1124,1463,2479
911,184.95473833097594,0.022739020158592145,1145,1442,2449
912,184.95473833097594,0.023075597725697297,1168,1473,2481
913,184.95473833097594,0.022935357072736817,1171,1431,2522
914,184.95473833097594,0.022919329569541333,1132,1467,2531
915,184.95473833097594,0.022919329569541333,1125,1492,2533
916,184.95473833097594,0.022562717623441825,1164,1433,2521
917,184.95473833097594,0.022702958276402306,1205,1454,2561
918,184.95473833097594,0.02309162522889278,1211,1522,2575
919,184.95473833097594,0.023295975894635192,1241,1513,2604
920,184.95473833097594,0.023115666483686004,1155,1545,2607
921,184.95473833097594,0.022510628238056506,1150,1472,2515
922,184.95473833097594,0.022839192053563915,1128,1452,2531
923,184.95473833097594,0.02275504766178763,1170,1465,2501
924,184.95473833097594,0.022194085049945706,1123,1437,2445
925,184.95473833097594,0.022795116419776336,1143,1411,2534
926,184.95473833097594,0.022843198929362787,1194,1408,2530
927,184.95473833097594,0.02313570086268036,1197,1446,2548
928,184.95473833097594,0.023151728365875843,1235,1374,2576
929,184.95473833097594,0.022759054537586497,1207,1433,2506
930,184.95473833097594,0.023159742117473583,1155,1480,2569
931,184.95473833097594,0.022879260811552626,1120,1447,2527
932,184.95473833097594,0.02243049072207909,1106,1420,2473
933,184.95473833097594,0.022831178301966175,1115,1375,2527
934,184.95473833097594,0.02294737770013343,1141,1375,2548
935,184.95473833097594,0.022747033910189885,1113,1368,2494
936,184.95473833097594,0.02326392088824423,1161,1464,2569
937,184.95473833097594,0.022935357072736817,1151,1434,2567
938,184.95473833097594,0.023223852130255518,1174,1464,2619
939,184.95473833097594,0.023107652732088264,1164,1482,2524
940,184.95473833097594,0.022694944524804566,1199,1373,2502
941,184.95473833097594,0.023067583974099554,1215,1490,2563
942,184.95473833097594,0.022614807008827148,1147,1441,2541
943,184.95473833097594,0.022875253935753754,1167,1471,2526
944,184.95473833097594,0.022843198929362787,1143,1483,2556
945,184.95473833097594,0.022654875766815855,1140,1456,2481
946,184.95473833097594,0.022843198929362787,1126,1460,2529
947,184.95473833097594,0.02282316455036843,1172,1405,2511
948,184.95473833097594,0.022807137047172948,1158,1452,2515
949,184.95473833097594,0.023031522091909718,1231,1472,2522
950,184.95473833097594,0.022883267687351494,1173,1501,2580
951,184.95473833097594,0.022262201938526512,1157,1393,2439
952,184.95473833097594,0.021821445600650715,1121,1385,2437
953,184.95473833097594,0.02276306141338537,1132,1412,2564
954,184.95473833097594,0.022991453333921007,1183,1383,2541
955,184.95473833097594,0.02299546020971988,1215,1446,2518
956,184.95473833097594,0.023019501464513103,1210,1416,2563
957,184.95473833097594,0.02314772149007697,1218,1448,2581
958,184.95473833097594,0.022378401336693766,1160,1386,2509
959,184.95473833097594,0.023015494588714235,1161,1419,2552
960,184.95473833097594,0.023259914012445357,1165,1519,2566
961,184.95473833097594,0.02318378337226681,1167,1500,2577
962,184.95473833097594,0.022698951400603434,1183,1383,2444
963,184.95473833097594,0.022554703871844085,1159,1432,2463
964,184.95473833097594,0.022422476970481345,1161,1434,2485
965,184.95473833097594,0.02257073137503957,1157,1422,2558
966,184.95473833097594,0.02243850447367683,1127,1469,2522
967,184.95473833097594,0.022594772629832793,1174,1464,2516
968,184.95473833097594,0.022714978903798918,1201,1486,2563
969,184.95473833097594,0.0229513845759323,1202,1518,2553
970,184.95473833097594,0.023067583974099554,1184,1519,2519
971,184.95473833097594,0.022935357072736817,1193,1466,2542
972,184.95473833097594,0.02267491014581021,1169,1403,2480
973,184.95473833097594,0.022586758878235053,1174,1423,2533
974,184.95473833097594,0.02262682763622376,1158,1432,2526
975,184.95473833097594,0.022310284448112963,1182,1424,2431
976,184.95473833097594,0.022286243193319736,1162,1425,2485
977,184.95473833097594,0.022759054537586497,1163,1410,2493
978,184.95473833097594,0.022714978903798918,1146,1433,2526
979,184.95473833097594,0.02249860761065989,1121,1415,2476
980,184.95473833097594,0.022410456343084733,1127,1457,2477
981,184.95473833097594,0.022081892527577324,1102,1410,2462
982,184.95473833097594,0.02286724018415601,1156,1458,2543
983,184.95473833097594,0.02282316455036843,1190,1458,2545
984,184.95473833097594,0.02299546020971988,1150,1453,2555
985,184.95473833097594,0.02280313017137408,1184,1409,2570
986,184.95473833097594,0.022971418954926656,1174,1501,2589
987,184.95473833097594,0.02299946708551875,1174,1467,2553
988,184.95473833097594,0.022827171426167303,1148,1457,2517
989,184.95473833097594,0.02253466949284973,1152,1506,2547
990,184.95473833097594,0.02282316455036843,1181,1509,2605
991,184.95473833097594,0.02293936394853569,1207,1458,2619
992,184.95473833097594,0.022955391451731172,1187,1482,2571
993,184.95473833097594,0.022795116419776336,1204,1399,2561
994,184.95473833097594,0.022666896394212467,1138,1445,2476
995,184.95473833097594,0.022735013282793273,1183,1468,2525
996,184.95473833097594,0.022610800133028276,1138,1459,2512
997,184.95473833097594,0.022779088916580852,1160,1504,2482
998,184.95473833097594,0.022506621362257635,1119,1456,2502
999,184.95473833097594,0.022714978903798918,1174,1411,2545
